,A,B,C,D
2000-01-01,-1.1403348858800177,1.9957186302476422,0.8169223157381578,-0.15119421490445226
2000-01-02,-0.45562235568309195,1.5134680088736423,2.0129744153586495,-0.7718834480436051
2000-01-03,1.060023622150172,1.6306862634300503,2.280185725291801,-1.44795579335445
2000-01-04,1.4600565556407858,1.602811167762619,2.7628646311393297,-1.4040703565978976
2000-01-05,0.9794945372665629,0.2725126485338567,2.2846923055015305,0.7937747456992483
2000-01-06,0.9192767756000979,0.903168907052601,3.7188454936573576,1.8685585396473667
2000-01-07,-1.0314198317793346,1.2414222012374847,3.0543945098996654,0.6407885150615982
2000-01-08,-1.8413027733154235,-0.2360363942171948,3.13986680343748,-0.7200780447510997
2000-01-09,-1.88852333397489,-0.06576424216897611,2.1669362803199324,-1.3618409680459012
2000-01-10,-1.4779483554398054,0.2637116095051355,3.8564178015418116,0.3618546278249313
2000-01-11,-0.8638023750434981,1.1096702429159833,4.022771062061166,-0.6763892821038009
2000-01-12,-2.0704762224361097,-0.5498495537342085,3.060071120883878,0.10731108238075182
2000-01-13,-1.7085364377065866,-0.21173527837767542,2.3028008860698477,1.1563813718349585
2000-01-14,-1.712321882118649,0.42489207727046213,1.857038537835799,0.5738784030908024
2000-01-15,-1.7663291660426061,0.5719101821589814,1.0710358309709678,2.8881837826105814
2000-01-16,-0.891059488800789,-0.11943886822141825,1.0382090538683342,2.384053840025433
2000-01-17,-1.7381802132311517,0.3131870028859932,1.5094896447485502,2.9568916590413643
2000-01-18,-1.5163205884311142,0.34665584433703006,1.5136713595933204,3.200016780504988
2000-01-19,-1.6006016697238061,0.4446459317856275,-0.2930307463959758,1.7109084409092041
2000-01-20,-0.2197310650784683,-0.8369207903163498,-0.07545239138341339,2.0262060643227082
2000-01-21,-1.7669314305409554,1.0987888425992807,-1.2278952635671838,4.747200317822591
2000-01-22,-2.0565387464372042,1.4281971796591386,-2.1780450698290728,3.585469221701725
2000-01-23,-2.496347668655278,1.5129567968256312,-1.4977460246355463,3.5352678062820564
2000-01-24,-1.652647940031426,2.200739172173965,-1.530021752487506,3.4366598802654007
2000-01-25,-1.0453036550893184,2.7346833641701904,-2.313278881859887,3.4423838671163978
2000-01-26,-2.881314351931082,4.33204712733456,-2.6560146186751923,3.2211761864055517
2000-01-27,-2.4673253759234517,6.512489232201563,-3.3810509427371627,2.210354701430269
2000-01-28,-0.6211123433329069,7.055460368721424,-3.3833594983322595,2.925641280229752
2000-01-29,-1.0515947837620185,7.733486516002647,-2.5952755759316983,5.811344143791003
2000-01-30,-0.2524956161036521,8.464821412336297,-4.317862433863487,5.4186765532121015
2000-01-31,0.30902890773955793,8.66033193906909,-4.920916620356253,4.464758294060269
2000-02-01,0.8342082031899998,10.74493393092677,-6.432612236000406,3.5278396862726233
2000-02-02,0.5463936839515139,9.28408676019859,-5.894961093084866,2.5672093618340286
2000-02-03,1.1984787515415847,9.030474848445657,-3.5658902132503627,2.601413634236043
2000-02-04,1.9137389820088069,11.708936819523768,-4.716645140892191,4.391841263182695
2000-02-05,2.1583258422958265,10.740530703365504,-4.788529981450612,5.301827812996748
2000-02-06,0.6942188766652226,11.748515608516783,-5.780058146805682,4.380644724728028
2000-02-07,1.108006045872217,12.332965886830394,-5.220246614398413,5.854380889385682
2000-02-08,0.18295535355144665,12.112607653814893,-5.090702753862765,7.051135580143601
2000-02-09,1.343445527899918,11.192504304832042,-2.970502017383556,5.691053573463893
2000-02-10,0.9591072995847082,13.892712262317506,-3.325517626691862,6.3064701388803295
2000-02-11,1.5763022695217919,12.540970337382005,-2.800501050005782,6.324745391941157
2000-02-12,3.5236225896657816,12.684730275511319,-1.6744553383974674,6.192155965273611
2000-02-13,3.9122479124739264,13.28249489394645,-0.7306080063978453,5.435906500550564
2000-02-14,5.437406546924857,12.793669150983959,1.7055006319651504,4.783102146712645
2000-02-15,5.203297609636514,12.878460653164987,2.6683089037099803,4.559351136441275
2000-02-16,4.057835921194067,13.532090497807173,3.6105703117128383,4.1032284158557
2000-02-17,4.657947237475586,12.570428450318378,4.266677695569164,4.449498576693714
2000-02-18,4.455199582503496,13.261023822879775,3.3751863790054433,4.4303668960248785
2000-02-19,2.912921495850045,15.528884659298914,3.264848823544061,3.2992091695367027
2000-02-20,3.0438962889036127,14.07553520406962,3.445268082195909,2.3658215546030883
2000-02-21,2.94774753529845,13.842760085734257,3.1490880262583105,-0.5309737433056445
2000-02-22,4.908090847827677,13.922739123229006,2.9879715024111695,1.10984146893594
2000-02-23,5.164159499276095,14.589492756456124,3.133625358608926,-0.7910516542698585
2000-02-24,7.19112785241709,14.914836472005556,2.578248179095095,-1.3591953655708071
2000-02-25,5.753672185206333,13.781585611738157,1.693755933613139,-2.4328020004177535
2000-02-26,5.756799701699342,14.706601808547989,3.515267723990146,-1.8594123270065843
2000-02-27,7.6123274476411495,14.93004862492853,3.2199876682367066,-1.9651460288887592
2000-02-28,6.186808569599496,14.32852166820486,1.8595292482039267,-2.770829148241727
2000-02-29,6.826089335249621,13.984739222694612,2.170007197893876,-2.0177209805716725
2000-03-01,5.146281776347084,14.965617232746936,2.5733593539017985,-2.8690130318635108
2000-03-02,5.1902003146743425,15.070525583566178,1.5342669248044587,-1.2872401064863979
2000-03-03,5.06528631689581,15.939684595283932,0.8193856087353165,-0.7467517504647411
2000-03-04,6.066249964269613,15.671659291167174,-0.6822991364093219,0.02087012909196262
2000-03-05,7.615680569068549,14.350414404590786,-0.31447291024895574,-0.4952173439070412
2000-03-06,8.282589826534508,12.129033583489713,-0.14774290718303493,-1.275342646017137
2000-03-07,7.538317324424466,13.047595761480201,-0.11519885605530572,-1.362946697530996
2000-03-08,7.431095148079035,12.167627521779941,0.8463693854836236,-1.810062182650364
2000-03-09,7.804152619635812,12.970656888521265,1.2856642715800204,-2.0773973904960177
2000-03-10,7.903404667728284,13.959142437819912,1.8059312713199234,-1.968200971988372
2000-03-11,5.778783878794357,15.629866400308554,0.3435842883533571,-2.4382622862381287
2000-03-12,5.531451258455377,14.975272885271922,0.8789963511888332,-1.546598623524214
2000-03-13,3.369250744233902,14.102943794625606,0.3857903874115288,0.31815421930876964
2000-03-14,3.981407856376709,13.76592681255017,0.6482774548131438,0.06794761320785442
2000-03-15,1.9954743777288793,12.958751610094746,-0.41806124920697063,0.470908106861238
2000-03-16,1.7613500418415036,12.329343604003627,-0.9096001475314581,-0.18004098520770911
2000-03-17,4.731475004960034,13.2810074938015,-1.4174031390196054,-0.7860575636863036
2000-03-18,5.224913985890882,12.4610157687702,-1.905116647093951,0.1215802793759998
2000-03-19,5.991667453848679,14.111658462514553,-1.545422259066796,-0.38986233756716127
2000-03-20,6.120197127439238,16.763568563344677,-1.6556844353817137,0.4331594103686178
2000-03-21,5.928498371441431,16.09291306114264,-0.33163551710511885,0.5600998842376383
2000-03-22,5.834891679387779,15.79549846161936,1.0037689925751794,1.1506820908284605
2000-03-23,5.383850392551415,15.985039189207141,1.5534144761132522,-1.202758915803884
2000-03-24,3.5111668431006477,14.334108628183424,1.371766321367683,-2.0102574511784588
2000-03-25,3.5525068999704135,14.395904182893117,2.8342438052530667,-2.2943575305968786
2000-03-26,3.992548186166945,13.747960900082317,3.424682210931153,-3.4596569648686195
2000-03-27,3.8850051404787584,14.623104537167917,3.27349874208596,-4.7524365795426
2000-03-28,5.275753097447818,13.814732589990609,2.9463826716195594,-4.679912382717858
2000-03-29,6.902245453454419,15.270208419747302,3.0208297842345497,-5.536567682930512
2000-03-30,4.8579444231370195,15.18576676095526,3.8459264995982982,-4.567502971877708
2000-03-31,5.322732406923649,16.368636666467992,4.002889435176927,-4.124356648253986
2000-04-01,6.653935253610751,17.491383199380838,2.819137269000466,-4.441041054180616
2000-04-02,6.584220042655123,16.91266424633882,3.5634936603482386,-4.500623706348572
2000-04-03,6.4270613044778795,17.564536592749633,2.7532314073273123,-3.7249757140909088
2000-04-04,6.1039057039869435,16.84538210990448,4.152963114456635,-4.3002415356805646
2000-04-05,5.739542381285523,17.147835815343427,5.215877133962033,-2.6549417822662837
2000-04-06,5.495244751834934,17.42962568672462,4.254877511911243,-3.9768891532201147
2000-04-07,8.263563622322156,17.50602460073453,4.651807748823543,-3.80114404329147
2000-04-08,8.271622491422022,16.429700265729473,5.9046563384437345,-3.8733606719442704
2000-04-09,8.627098922416314,16.833027238485233,6.1423367723107365,-5.39674301410389
2000-04-10,7.473633655165092,18.089077650627466,6.459918591850374,-6.304046824202428
2000-04-11,8.54791614611267,17.65461295184522,6.475627236931663,-4.955767320311715
2000-04-12,7.801307258643403,17.49403439441207,7.046045175675308,-4.711735594342049
2000-04-13,7.521168764197103,16.24180864589046,8.629791894915067,-3.481969779024153
2000-04-14,6.217938334490196,14.881236806790014,8.720868854785287,-2.312547077643923
2000-04-15,5.792668069224396,15.979632039776678,7.319419277039858,-2.111895833263187
2000-04-16,7.301110906354233,15.987092870500256,7.345664583349361,-1.2247881951024207
2000-04-17,8.444098610192093,14.436094357335124,7.046991776464068,-0.12643551926246954
2000-04-18,8.332934490955472,13.063968431960564,7.756998581544916,-0.36202588750564546
2000-04-19,9.578667250479404,12.165310667901812,7.432897263718401,-0.9704680557150617
2000-04-20,11.424963059751448,10.238158386860103,6.576406838103179,-1.0694240439480478
2000-04-21,11.985508179832005,11.138480063471862,5.229517860117842,0.11887925460918036
2000-04-22,11.268860862574657,10.51048328012939,3.5889461695292413,-0.06470277768759572
2000-04-23,11.191283632240598,10.254970348974341,4.483690913475359,-0.07761805845991206
2000-04-24,11.784958485560404,9.595024057582068,4.486736177435037,-0.343710990864399
2000-04-25,12.946837020198098,9.567877652019046,4.013894762916649,1.598323741133401
2000-04-26,10.696749930940099,8.117897316506694,4.65780240981012,0.14733997390716969
2000-04-27,11.30581824059045,8.558422270400994,4.3666759827218335,1.3611536563828612
2000-04-28,9.753377456635643,8.037060656165322,5.596721803288178,1.4884111536209566
2000-04-29,11.601265434664473,6.554065782171567,5.992784333262592,1.6894501758444176
2000-04-30,12.615166094558578,5.850640111698774,5.227423896893645,0.870893985432191
2000-05-01,11.720344790543805,6.318636724560536,5.513013752849484,0.4076771548356246
2000-05-02,11.63449093727117,6.552122638011055,4.814089278884273,1.1540489433257195
2000-05-03,11.758770338138948,5.601854771249093,4.05435473691951,0.1830371117506786
2000-05-04,11.938478921580673,6.4987128212577385,3.729243314731796,0.18147544439500626
2000-05-05,11.350772680544138,7.073030703970862,3.097711097711982,-1.6187181722063262
2000-05-06,11.445163388878955,7.698475151608844,1.6601725505407408,-3.175062071067835
2000-05-07,10.484152399896637,8.579212270456,2.038184779300245,-3.9379200802331926
2000-05-08,12.088327530902966,9.179148758509493,1.3387057967018348,-5.39407288333456
2000-05-09,12.607401434732333,10.097723582815005,1.3546183584302667,-8.36089552865825
2000-05-10,13.082869918716458,8.902488644653664,-0.11814612179934314,-8.588411462787994
2000-05-11,13.454144972497703,8.703623183423206,-0.4153566738944242,-6.480741624373914
2000-05-12,14.008587878423175,7.933213867879444,-0.3603043904053496,-7.198837786180361
2000-05-13,15.453496538537777,9.054032273069517,-2.0084974464877745,-7.304950498964752
2000-05-14,15.69663042272087,9.065668768485876,-2.24682151400168,-7.545233511675168
2000-05-15,13.456815665586918,8.763046162005457,-1.543764014082122,-8.06059146399026
2000-05-16,15.0634633119103,8.508920439813085,-0.21286899550400262,-9.121953465878699
2000-05-17,16.45104864919461,7.28586515642683,1.2439192140223605,-8.930925495788998
2000-05-18,14.214128249857751,7.166403365832701,1.9374082518119773,-9.623646981894634
2000-05-19,15.220884626727507,7.620295292383009,2.1519972951632313,-7.696012406771377
2000-05-20,14.918257040563166,8.519001225635382,1.9264642237155183,-7.95331774139819
2000-05-21,16.218917839355754,7.492622310387177,3.6381202103401993,-7.224512393188147
2000-05-22,16.96170406079013,6.926803970902164,4.826716646762652,-9.78558013186655
2000-05-23,16.908095800990623,9.615041192389317,6.907904069127895,-8.81361870291951
2000-05-24,15.82729415442438,8.740334099667306,4.226665579080119,-8.822129046428847
2000-05-25,17.209123215708512,8.30494555907194,3.377147461359604,-10.464964550262629
2000-05-26,18.74539174127378,9.502269831794464,4.209697385973756,-12.61739450505746
2000-05-27,18.92346237386307,10.049047278502247,4.847923430448731,-12.536912852640068
2000-05-28,17.082596181880497,11.468976814916916,3.84849012010937,-11.822030855255012
2000-05-29,18.851307402887763,13.313722003024507,4.022634910855001,-10.963710159007588
2000-05-30,19.75325694876157,14.859320916799186,5.095208455623924,-10.385407316094856
2000-05-31,19.357523454046472,16.03344286159775,5.155177910643575,-11.128710420867934
2000-06-01,20.43587077777781,18.15949796753275,4.6003905768337345,-11.203537808363707
2000-06-02,20.500708904142297,18.889590222681083,6.41516093034329,-12.265886617809604
2000-06-03,20.843234182574992,20.865819851405607,4.672213896006555,-11.676390269842356
2000-06-04,20.94330648250636,21.453156498477266,5.334972510827996,-11.885328225091914
2000-06-05,21.039426847573143,21.457752315992888,5.194867861380588,-12.03876140653359
2000-06-06,21.10249542158528,22.784675542021606,5.089293567753683,-11.285551201321741
2000-06-07,21.056134043246253,21.119841846726597,5.146163343713316,-11.747156487215564
2000-06-08,18.17804523728601,21.38887431208198,7.701101512511578,-12.1087530191209
2000-06-09,18.65589462886368,21.538416091545415,8.114769438258415,-11.636249983569448
2000-06-10,19.244709673611386,23.279328674291293,8.673015993723281,-10.175454868697079
2000-06-11,17.485488093685685,22.936733376676372,8.516777051918934,-10.388173586562901
2000-06-12,17.16865400644344,23.104886350192576,9.071407265531843,-10.971412781143911
2000-06-13,14.872741929938286,22.750492420550614,8.343058858516853,-9.069076911393445
2000-06-14,14.17668974576957,23.47135119458109,9.473924543209776,-8.059505443675985
2000-06-15,15.322409587146023,22.9989776456989,7.025503319689754,-6.92708226358388
2000-06-16,15.761552973636181,22.679430857051237,9.043372813459442,-6.2513107419751925
2000-06-17,16.6324717338474,21.1474931273864,10.099340858848663,-4.850658661381948
2000-06-18,17.023124890660753,22.318660612507003,7.49538639326398,-4.106418287027451
2000-06-19,15.462278094514037,23.059001825731674,9.227153188527181,-5.194097894981658
2000-06-20,16.304534994279578,22.86453320343402,9.733723048911052,-4.592552185077136
2000-06-21,15.29926288656465,23.102253932381284,10.133542565978448,-5.5112676991729765
2000-06-22,14.346287514448097,23.651961334826595,9.570299658626737,-5.316202773916813
2000-06-23,12.979738667619236,22.812281758832853,8.246265201148862,-4.927645873370999
2000-06-24,12.91067993762364,23.284764036421944,9.004716179666168,-3.339553072174803
2000-06-25,11.460740943544183,22.73259915005041,10.283129235190597,-3.3784032048908945
2000-06-26,10.812514550631503,23.047559856152994,9.280608679676996,-2.539796546731524
2000-06-27,11.251612494687233,23.667143064602982,9.251099214853449,-1.5827076297514893
2000-06-28,10.837828882913788,25.267391379797708,9.045666629240902,-2.2995841792245457
2000-06-29,9.311593061585326,26.562256048525953,8.463466452294098,-1.7941034228497557
2000-06-30,9.321191538625662,26.711971316374537,9.305503700190258,-1.6845532416370712
2000-07-01,9.141341417093516,25.546700459117567,8.853007607439359,-3.4798178610814734
2000-07-02,9.071006128937245,25.30581436452199,10.611962485822428,-5.27846292940232
2000-07-03,10.12933083463636,25.162537610019395,12.253922036766875,-7.690266013637258
2000-07-04,8.487320072396113,26.09804154873856,12.044844993260755,-8.19551850709923
2000-07-05,8.259148953535327,26.582110676013244,14.120338358670905,-7.813834369979853
2000-07-06,8.219256601724233,27.65983883727838,14.77129756811535,-7.6381448380181
2000-07-07,7.47848466894983,27.554821007028053,16.248686992172946,-7.332015435993515
2000-07-08,9.170098470537434,27.88866212018891,17.722926489398194,-8.265885817488929
2000-07-09,9.726589950725282,28.88564713946268,18.531351632462506,-7.555927736279964
2000-07-10,10.029880639470209,27.273293416180238,18.231769658037646,-8.760516611010937
2000-07-11,10.026297570566093,29.55029844241289,15.497346440978276,-9.939643348977846
2000-07-12,9.225287352756435,30.613836877407977,15.518128852878837,-9.732425689021552
2000-07-13,9.190716429454667,30.139552007708367,17.297424539336205,-9.963720903244663
2000-07-14,8.862477746742504,29.37616940765414,18.272549708633637,-10.702880568181234
2000-07-15,8.18318012619768,27.867262794747514,15.982168281870521,-12.025019595495978
2000-07-16,10.23846371165804,28.0390982384533,17.344284247542397,-11.938750141171528
2000-07-17,10.465945294207557,29.013844745023437,18.017544106363214,-11.896182336272922
2000-07-18,11.260852034675697,30.059888360446543,18.629347171886373,-13.00524759445697
2000-07-19,10.998694349827703,30.42733316941885,18.028656660149007,-13.969792532543341
2000-07-20,10.290798273393335,30.383161157604928,17.354132132040082,-14.17195324912688
2000-07-21,11.0148453299019,29.979528940668953,19.050305659013322,-15.846453168977586
2000-07-22,12.963282611134623,28.283416770388072,20.87011173331407,-16.402117569458312
2000-07-23,10.860442570936899,28.054762794493882,20.298790557252545,-17.531136500911156
2000-07-24,11.494261623203181,26.68101957119682,20.64542575431009,-18.353911700795766
2000-07-25,10.884766412623689,25.82533183636364,19.97036401302443,-16.87144881499359
2000-07-26,10.937673427003396,26.47031687275898,19.99715048169159,-16.073426790689982
2000-07-27,10.782691349588907,28.276430052383887,20.35416937514618,-18.575981923060954
2000-07-28,11.003041577152018,28.27501799711806,21.925944452002426,-18.834213871601747
2000-07-29,10.890362888004066,27.740023135683195,22.311240523860583,-19.540644155007808
2000-07-30,11.326818377186498,27.21660454984295,21.970813868556093,-19.81903769437957
2000-07-31,10.628153358511799,26.986932424376178,23.318839180669226,-19.568832845418804
2000-08-01,9.81058153624272,26.410124135823214,25.213476917585236,-19.371990787005004
2000-08-02,9.424309368692382,26.222783479037687,24.921117991050355,-19.198540466599923
2000-08-03,10.43590991512452,28.907087795186836,24.01537737876348,-17.141222198968887
2000-08-04,11.109827155880636,28.7480834355039,23.44622264938994,-17.681161590766415
2000-08-05,9.017028458317807,28.299748499959644,22.049033466128225,-17.44196256757668
2000-08-06,9.410449064678314,27.11836003948787,22.52181872662624,-17.673996816268886
2000-08-07,9.987330197355504,27.51747046350577,22.072770913523414,-17.45909598324341
2000-08-08,9.384415580904417,26.478514724391847,20.40057884948536,-17.7798880699087
2000-08-09,7.653035994626401,26.744879945755912,22.049150321034688,-18.02893878209298
2000-08-10,8.34016653325493,26.351970005640663,20.879376129879173,-17.500983713927084
2000-08-11,7.474590932951597,26.50908176116002,19.918889438145158,-14.981105042275466
2000-08-12,7.201497658597732,26.520817887743085,21.046917994953553,-15.713270737597576
2000-08-13,5.752282825820252,26.52266465545581,21.70099234749598,-14.763220778180369
2000-08-14,5.568308785650267,25.87122198161294,21.444107006335273,-13.178842575876196
2000-08-15,6.975210747291405,26.376007045114612,20.847274567612896,-13.350916542218439
2000-08-16,7.340603670357215,25.41534279031131,21.270843126158166,-13.718614006016686
2000-08-17,7.184606669466978,25.64746196785428,21.538381035522907,-12.321035494223064
2000-08-18,6.459889484622396,24.30539203623142,21.560147918984597,-11.919994089344348
2000-08-19,6.8744122146010795,23.269058771232437,20.013105327459247,-12.933935295405382
2000-08-20,8.165247633169882,22.81107077438221,21.585757017385287,-11.100805077076622
2000-08-21,9.266492888079531,23.461409266154163,20.853438039015096,-9.919926231764736
2000-08-22,10.621395151809226,25.05675769883727,20.196855802061393,-7.898364749533695
2000-08-23,11.038207532983108,23.51711730395015,20.535700342561697,-7.064448055436817
2000-08-24,9.97826801905442,23.608514928471344,19.75253177687389,-5.323374146734635
2000-08-25,10.706452050136884,23.867982338821857,20.43457074737493,-4.330988097451433
2000-08-26,10.534106130903854,23.112411066479027,19.445742674842258,-3.9123841410795475
2000-08-27,11.26385706410291,22.300724297227287,19.413194189910424,-4.059052880641795
2000-08-28,11.735267715349583,20.73819403716316,18.659084087881748,-3.577336206707205
2000-08-29,11.032285314972858,19.281934701020973,17.99456852696877,-3.6792611081583324
2000-08-30,10.037222763153046,19.101243545963058,16.572603641024276,-4.336375016086375
2000-08-31,11.377120453854324,19.208793214768637,15.774591093388473,-4.506398318313215
2000-09-01,12.293292859381292,20.1913760019585,15.462061305029499,-6.095697934154396
2000-09-02,11.81114283447254,20.330598044068914,16.475953217462568,-7.433184712407695
2000-09-03,12.563113988882494,19.95710124515965,17.271536380357468,-7.707473948778519
2000-09-04,11.941760753658889,19.16727054458714,16.281660029810187,-8.788316474392339
2000-09-05,14.02597488063191,20.625082252251534,16.196302768103884,-8.351223907152338
2000-09-06,13.490131679469478,21.54746011781869,17.457979165183723,-8.034496536094291
2000-09-07,13.335608712433691,21.750695242524902,18.15227478576092,-8.610473553667429
2000-09-08,12.410960024407967,21.904998970210183,17.513148677310163,-8.212519570393123
2000-09-09,11.519193536602993,21.273431573071317,16.123346237728843,-7.687703567982632
2000-09-10,10.657837789315895,20.932730003548077,18.202210276133506,-4.925095544703414
2000-09-11,12.459742748914412,21.700620712673416,18.026372552843014,-4.938592786468791
2000-09-12,10.996121208904539,21.93879877028475,19.134360616786143,-7.0059398893846225
2000-09-13,11.835109970718127,19.958871978881863,17.09542423699612,-7.8258735384588585
2000-09-14,10.705862671130532,19.61245773636264,15.271876686347714,-9.166053297564574
2000-09-15,8.861824536940182,21.017053431505747,16.26172066936142,-8.409201683216764
2000-09-16,7.601242221058104,20.927334841185406,17.166896280939884,-7.579970239616527
2000-09-17,7.367982598997384,20.40355087729059,16.339536304886803,-6.319501521620719
2000-09-18,7.673668465694314,19.49150858136398,16.546755358174746,-7.807489970393879
2000-09-19,7.684552154908,19.005049438490992,16.631825213349266,-9.160857169646484
2000-09-20,6.896058347581204,20.814222548475,16.85127481714404,-10.00695176531483
2000-09-21,5.59617505915235,21.457067726981816,16.423619398823813,-9.403575187942545
2000-09-22,4.454283479417292,21.940877539785195,15.56746653039875,-9.92487258027791
2000-09-23,4.824293719266042,21.929473640433102,16.126673345547164,-10.55240683087512
2000-09-24,4.536012734131542,20.507331768073495,14.950439253349911,-7.518107070036676
2000-09-25,4.531536163267187,19.27899407794028,15.966136371984653,-8.339424919696985
2000-09-26,5.122335378413657,18.705097204200104,16.100624129889503,-8.111719350177552
2000-09-27,5.719639903095652,17.74659686553365,15.442680356018444,-7.112077678110432
2000-09-28,3.7399492340750102,17.400398570380677,13.162090194953187,-5.65237946785312
2000-09-29,3.7512490594108385,16.45706642572418,11.609111104401768,-6.383719178179939
2000-09-30,5.223702563256939,15.266257390501197,10.974896979914996,-4.723529600128108
2000-10-01,5.159655131096054,14.764371841726101,10.917022876250607,-4.790142404841703
2000-10-02,7.394824627629907,13.529659969365985,10.862610226811578,-7.149496272409629
2000-10-03,6.118473181019414,13.680684683760195,12.196117539143433,-7.8098454110178555
2000-10-04,4.946567677216905,14.577335726296207,13.20134560023442,-8.44563821523219
2000-10-05,5.878164932994724,11.939255906174179,12.437422866157124,-9.069242672871903
2000-10-06,6.214631064247617,11.112608131848054,11.965424162489667,-6.794408556862592
2000-10-07,6.592617883215725,10.04434141782805,12.741161426870416,-7.128950223585679
2000-10-08,7.2719602517268305,9.729319654203515,12.954344856306584,-7.8625741719419135
2000-10-09,7.865941787416699,9.639677333679517,13.862978193733845,-7.159805602547547
2000-10-10,9.360270649830458,9.20732484017684,15.991518744576586,-6.640281471703503
2000-10-11,8.61048110837635,10.165489196609759,14.992889056761742,-6.877951863244556
2000-10-12,9.327402593124944,9.998462425261064,15.564745623262917,-7.744120690027328
2000-10-13,9.667982687741231,12.84434560582086,16.784583746625714,-8.516377270004904
2000-10-14,10.753768272226482,13.797118177937541,18.926148378725692,-8.738560569029014
2000-10-15,10.79767816198999,13.566713629572833,19.57208828111218,-7.693383502135177
2000-10-16,10.61929829141325,12.23122288560583,19.212231085734587,-4.7904149250619295
2000-10-17,10.168294177602984,12.412796658184138,20.159719148540084,-4.353550384283781
2000-10-18,10.657687581355239,11.744997451896046,21.382412874502943,-4.628728729771838
2000-10-19,11.075840899209556,12.29156393389608,21.39482494994357,-5.57228651661768
2000-10-20,12.630331157074316,11.85512290471517,21.224065809582022,-6.085006565927404
2000-10-21,11.587497122357016,11.672042234580218,19.666224784530353,-6.972411116311954
2000-10-22,9.986914187777888,12.633768241360825,20.542953582327428,-7.546904306220388
2000-10-23,8.389804689806027,13.388652973460097,20.32109275253577,-5.0517270806834205
2000-10-24,9.40661301234565,14.12924054002214,19.955187592945645,-5.045322805962173
2000-10-25,7.4451583961176375,13.11209267273345,20.382954902015886,-5.356720909361895
2000-10-26,5.010403770728846,13.345751566252023,20.269394414800225,-5.816520868304471
2000-10-27,5.078439282603251,13.660712624421958,19.7631456323991,-7.029004881883742
2000-10-28,4.12666754904282,13.228278631782684,20.203689100063492,-5.143697816849638
2000-10-29,1.9642992139633177,13.020362457600282,19.932754613778602,-6.668978007391338
2000-10-30,0.8414099962272155,10.662821515594656,18.07792808514625,-7.289080057723951
2000-10-31,1.2026475822557412,11.303298459560434,16.737260317693703,-9.325876860923383
2000-11-01,1.199725118912319,13.82259772177615,18.33452332158008,-11.139969986427808
2000-11-02,0.630864033115746,14.768543082536576,18.444239248359423,-11.523507957116495
2000-11-03,1.1537691659100777,15.803623875514457,19.304687778142572,-11.747092915187967
2000-11-04,-0.0500043735084017,16.302747041209873,18.322750034129285,-12.687500327624948
2000-11-05,-0.7474112191421618,16.411217244104755,17.49165295410345,-12.6818830398627
2000-11-06,-2.0585781802767533,16.996742256730823,18.219932345069598,-13.535558768365988
2000-11-07,-2.2222005861797562,14.759530663326165,17.572174151175304,-14.427471526929176
2000-11-08,-3.9442038075262174,15.000440715716621,17.356139536279795,-15.166689428737152
2000-11-09,-4.047001702157333,14.106868776005706,17.194427199171887,-14.152156866676936
2000-11-10,-4.0652624510931235,14.072882965547237,17.244149870389332,-16.227603029326687
2000-11-11,-4.7221762272833026,13.561296997597486,16.66223882820904,-16.396292416856028
2000-11-12,-3.4638100428998806,11.878298701223606,16.3656419145829,-14.00986955778352
2000-11-13,-3.1521140060540502,13.172939397200473,15.877624062184802,-13.15185692354297
2000-11-14,-2.727296998578647,14.524077805656955,16.505602816828933,-13.32899486549446
2000-11-15,-3.182626796304791,14.569085077003164,18.460966535808094,-14.250201684729866
2000-11-16,-3.712345794078735,15.241428926943623,17.434796773451225,-14.516012948705685
2000-11-17,-5.736740071721535,17.898876653604734,18.486290574381876,-14.94868970390134
2000-11-18,-4.874353539036744,19.004278481388106,18.23563865120093,-14.456490092385454
2000-11-19,-4.760103514087657,18.713640731398552,18.086029579954594,-14.277480046729
2000-11-20,-5.090792640917971,19.354096127005576,18.73486132862712,-15.140807517902047
2000-11-21,-6.005013246908739,18.58539640716159,19.147150131087603,-16.02860722828672
2000-11-22,-6.282298607887922,17.712883570637064,17.846166974860605,-16.03740886676168
2000-11-23,-6.557710601689155,18.100790382267977,15.923560082479455,-15.67119032294482
2000-11-24,-6.521308390057322,17.780813494805432,15.912413591110258,-14.422866498240085
2000-11-25,-7.234026249598711,18.671470557904918,16.563364558212843,-14.976433182038077
2000-11-26,-6.204485535216538,18.807264841132177,17.640383099913684,-15.153350745926806
2000-11-27,-7.516502981458565,18.74195438636936,16.39835849784192,-15.642347316962555
2000-11-28,-8.488167654614502,18.65025832541141,16.780249986484932,-15.470657923278532
2000-11-29,-7.013119606694977,18.486210331648994,16.305859404776804,-14.713538635056635
2000-11-30,-6.68025328143794,18.97873363715148,18.398532866711275,-13.727849613538842
2000-12-01,-6.111777634119147,19.120861070093152,18.462563092997783,-13.956025036984352
2000-12-02,-7.944407323289934,18.646004070677698,18.929827678428907,-13.333619167804445
2000-12-03,-7.933202086720979,18.173935517255046,18.846911699321883,-13.454585255909757
2000-12-04,-9.73267718049676,17.396379374512478,17.447203896236378,-13.62425850233833
2000-12-05,-11.995387721409186,18.385942882760272,17.93039725981733,-13.92055293515394
2000-12-06,-11.135427877489615,18.401285593050805,17.968102612660722,-13.301235340747182
2000-12-07,-9.985725591598353,20.08297094508353,17.207789032199745,-15.239857421216964
2000-12-08,-10.156331282404318,20.602054785395286,18.33489835238764,-14.620008997894303
2000-12-09,-9.585853066265695,20.74594836021437,19.694196530058992,-15.37184372193651
2000-12-10,-8.977427306718836,19.551223943096222,19.863202197926242,-14.541290886003202
2000-12-11,-8.238328789451643,21.764799214238423,20.07838297588033,-15.142546271080095
2000-12-12,-6.564000636067373,22.2843518273372,19.729043803582975,-14.697170443841374
2000-12-13,-7.133116126470402,21.947510963215407,20.37944324659807,-16.68563292132475
2000-12-14,-7.0877040601348735,21.429707540839917,21.30706610686687,-16.76047486349873
2000-12-15,-5.623067695754415,22.197316506518828,23.449487585974225,-16.652449714899323
2000-12-16,-5.429676727107771,21.680915564054338,22.172427183822407,-17.143609455013074
2000-12-17,-6.221575376597866,23.59242386509294,23.682628889211696,-16.27596098144232
2000-12-18,-5.44001535579715,23.946433650083417,24.002427413169933,-17.831310458901488
2000-12-19,-5.667177971835929,23.374776543476006,24.12857330314741,-17.223844957792046
2000-12-20,-4.810609970800159,23.412351304318978,24.719279861809884,-17.935414494859735
2000-12-21,-1.123188619616617,22.728361201467727,23.248478409062244,-17.318277184385604
2000-12-22,-1.2197307199185212,21.32433772565282,22.309414500117555,-17.07693161465806
2000-12-23,0.45286186969308484,19.669197515034607,21.029556832657736,-17.623229649835626
2000-12-24,-0.5974019200842584,18.418187285081533,20.514511213890206,-16.005723749487093
2000-12-25,0.27417963810029333,17.973329308652158,20.80123634398171,-15.619412596498742
2000-12-26,1.4987557943588352,18.50680389126688,18.587178367319467,-15.58082386193604
2000-12-27,1.9092792959221916,18.45407960101996,19.056367082996424,-14.48850816034291
2000-12-28,2.540518293679001,17.83786091749912,17.276063649035258,-13.743706248991069
2000-12-29,2.80464458612027,16.453154951103844,17.624683555318555,-13.35750566573299
2000-12-30,1.5467060548250626,16.900722926583853,18.360354588175962,-13.176139506950532
2000-12-31,1.0342255769924813,16.226747849157,17.675354436267924,-13.12043561146318
2001-01-01,0.9570818617324889,15.809701928404236,18.067725737336076,-13.354479003207073
2001-01-02,0.9197825237022716,16.001933851209625,17.13764121078169,-14.243927485474297
2001-01-03,2.7809365130379473,16.930494374211044,17.637219931533203,-14.298765928786231
2001-01-04,2.490235431065084,16.999495982841243,18.075125477446576,-12.903805423645975
2001-01-05,2.272273898165013,16.91355740267102,18.482061466548995,-12.837097999277846
2001-01-06,1.9348790387124595,16.659873099593085,18.382324768988628,-12.19169890155149
2001-01-07,2.8019481870865417,15.847308087669218,19.007204131853914,-11.809978713654871
2001-01-08,3.2845666763960066,16.96832605083329,17.456652441044827,-11.415742294106005
2001-01-09,2.799457520471459,15.560729287641236,17.590745123057427,-9.750142855100432
2001-01-10,3.455136281971911,15.750495046483527,17.63355396882895,-10.925686456716818
2001-01-11,2.3154411310770753,16.69383003511905,19.257380719517258,-11.001886176595486
2001-01-12,2.4031060254731114,17.825975238328315,18.46965292310324,-9.955949315631223
2001-01-13,1.969813865058012,16.333052455990636,18.860924454476645,-10.454230663305832
2001-01-14,1.634703844637424,15.803825207828963,19.129613430864236,-10.66203989884388
2001-01-15,1.0616360540933822,14.851895480598106,19.533144826496056,-9.012892130196398
2001-01-16,0.7138985282041355,14.62246634161811,19.129424805894722,-6.640228108380603
2001-01-17,0.07871584996176473,13.49682459966957,19.517937842882894,-5.535923171548639
2001-01-18,0.4274160956259021,15.187772391974544,21.92978552424374,-4.92914336448638
2001-01-19,0.040215775062257764,14.672229014988988,21.344467634173434,-5.319246628035895
2001-01-20,0.42175825153846597,15.346669177508325,21.09879704357893,-5.164498540360412
2001-01-21,0.07538102409236652,12.390275792904376,22.956567605212253,-5.449004563393334
2001-01-22,-0.7222960044768656,12.032455944684884,21.834890342185705,-6.53766926381771
2001-01-23,-0.3764446332770659,12.976872318088606,20.635538720990056,-6.587836669597609
2001-01-24,0.4576616880615413,12.215758307887956,21.046247133450763,-7.208117606454343
2001-01-25,1.3516057810935906,11.635744270454873,21.701697925533956,-6.602117738083428
2001-01-26,-0.22319835570467128,12.541152973563541,19.938350439769437,-6.347505442825904
2001-01-27,-1.5779967229165752,12.936411003026306,21.240812784974292,-5.289042820971704
2001-01-28,-1.8389528813152802,12.774380540205382,20.318894835057606,-6.4100203318939215
2001-01-29,-1.1910123930022083,11.9158483270223,18.328720494711753,-6.383524343307295
2001-01-30,-0.9271959124415557,12.404419031337207,17.76183513433226,-7.1086098438719265
2001-01-31,-0.8298597352538786,11.867163577623408,18.283211927957197,-6.527811468313477
2001-02-01,-1.7071702450092583,11.843416847283766,17.952414691651953,-5.783272070856715
2001-02-02,-0.955515718242739,11.84200951071181,18.451092188099825,-5.936717320375672
2001-02-03,-0.963992067644849,10.454565318790005,17.024739268104447,-5.103605260429577
2001-02-04,-3.3979072002848567,9.98632033341938,17.11337768711666,-5.582905780609203
2001-02-05,-4.017702334874143,10.295697008872088,15.7630952507656,-5.188124084962804
2001-02-06,-4.147353109066865,9.344219832585503,14.941400724183298,-5.273031761710775
2001-02-07,-2.573484458584775,9.784233548851088,15.530199457493952,-6.828421520864317
2001-02-08,-2.2738085714949023,8.467665367319654,15.268229117938915,-6.2225324433534235
2001-02-09,-2.0411158824561433,7.844446437422572,14.460014603187599,-6.599073773047652
2001-02-10,-1.039343697736361,7.092981972362401,14.164776016137473,-6.699167096480368
2001-02-11,-2.4140686085597176,7.555711526248974,15.550663684177094,-6.487910404706477
2001-02-12,-0.5436572669203912,8.496656449025595,14.759356197255416,-5.336923165341448
2001-02-13,-0.1769434883238229,8.66235022522261,13.967490162768714,-3.388070335499794
2001-02-14,-0.4464326007360797,7.9425230789609795,13.831026521852142,-2.4650306006204397
2001-02-15,0.9698363749700147,7.099716172579903,12.924565699328046,-3.9631895009103966
2001-02-16,1.403809507482881,6.679623674593532,12.785372999031088,-4.544546878830274
2001-02-17,-0.1357132621158743,7.012675011128941,14.76399982805577,-4.39660479861284
2001-02-18,-1.5747773501977502,7.480596660562962,16.43341038611733,-4.986985508741123
2001-02-19,-2.9359993221070413,6.422051763837727,18.309645205950652,-2.6387257906886847
2001-02-20,-2.3577487421738947,7.162051372206953,17.318177793634113,-2.315809367844204
2001-02-21,-2.3068118121871963,6.9309385426376435,17.107206629326388,-2.3354669883128834
2001-02-22,-1.3351519468387707,7.895075860347506,17.634815287286536,-2.971402548957671
2001-02-23,-1.659831999106775,8.69109260674149,17.701839369335318,-3.841505936552082
2001-02-24,-1.1238234701135386,8.141677987252997,18.773681902292978,-4.311669515904396
2001-02-25,-0.7401319043233443,9.444236821341896,18.661767582022925,-4.095636650639461
2001-02-26,-0.5148278390488733,7.963732912702576,20.384990480507177,-3.018630629892908
2001-02-27,-2.43395883584311,7.489046216306175,20.446914943133315,-1.2795271363600076
2001-02-28,-2.366415760942838,8.176945796896446,20.86788542708619,-0.866245413998169
2001-03-01,-1.2082979983470559,7.92033702331218,19.55567607057899,-0.5012127409343665
2001-03-02,-1.6150248347203031,7.956003526464497,17.823031822450464,0.062188132748969616
2001-03-03,-1.0084218279848143,9.581193346251302,17.952060811936892,-0.7507704809684348
2001-03-04,-3.8823869065655536,8.810697235302285,18.64940254942937,-2.8546510075068836
2001-03-05,-3.5971627530051595,9.906449146303396,17.140286003351633,-3.5926544116238746
2001-03-06,-4.74848857455647,10.021930477630663,17.005788673389453,-3.2984796906711775
2001-03-07,-5.243152726340915,11.599596528562405,17.576115673204445,-3.7656092740938245
2001-03-08,-4.566269716637532,10.970533077058887,16.472022125228147,-2.7742906564352108
2001-03-09,-4.919710301418679,11.64949257248136,15.543278794310995,-3.0046999712530815
2001-03-10,-4.164460207645646,12.273599777338921,16.041806911060814,-0.6189581549178889
2001-03-11,-3.5844452292838778,13.220758649169136,18.20919109681477,0.037355877004400684
2001-03-12,-3.87927707907895,14.104799478840345,17.815475578387858,0.6132162606958653
2001-03-13,-4.72338338185564,14.15005600689211,17.233215759848548,-0.9121900334497395
2001-03-14,-3.0654783824408374,13.34383210532951,18.568905132111095,0.07614625204550496
2001-03-15,-2.039136765261745,13.794553850069033,18.65389114645257,-1.2758633652563545
2001-03-16,-1.1759813225089104,14.485479250945057,18.68471223898273,-1.6429807321939798
2001-03-17,-2.234641815567443,15.186528678269779,19.35304925088921,-3.581366902649779
2001-03-18,-2.466031228570288,15.155782551131125,20.14992213041459,-3.899772329971201
2001-03-19,-2.1238179383898386,17.802793120314316,19.59456255607484,-2.436860839657118
2001-03-20,-3.2764835329007234,16.578649841740408,19.498108693648476,-2.662139277592093
2001-03-21,-2.640137860896378,17.337103503741222,20.351623798233103,-2.770479602947481
2001-03-22,-3.339997060417802,16.6167815677352,19.434360207151542,-2.4456107946327457
2001-03-23,-3.073730409900627,16.620590188531185,20.005303968763684,-2.937968486746289
2001-03-24,-3.309656289264332,16.359438330583863,20.718617816059506,-1.7562208083440953
2001-03-25,-2.585341185795018,17.033336005662537,19.32026382311092,-1.0763562071977368
2001-03-26,-2.315870714221791,15.80927174277716,18.718216840568964,-1.5719088741959133
2001-03-27,-3.0631762891044088,15.621972901973376,16.97016569326095,-1.6296158552862343
2001-03-28,-3.3669175544370695,15.731577245805623,16.98795652592322,-0.8544329306162132
2001-03-29,-2.0951791019582684,15.445243638568641,17.987175746552992,1.74142936748889
2001-03-30,-3.3287243388270564,12.075619316794704,18.992420271531827,0.8608990481443681
2001-03-31,-4.422070377256237,14.325076820363583,19.46384844061728,1.5089619070558022
2001-04-01,-3.3227520168354348,14.230081665640048,18.91557342077173,2.5240708883211607
2001-04-02,-3.8296626585790015,14.452317046750304,18.863850570115936,2.380219975809996
2001-04-03,-3.8784492481652575,15.462951916935857,17.94783571806885,1.9499506365955566
2001-04-04,-4.610584717923835,15.975686455674703,17.873451630415193,2.538583782591513
2001-04-05,-3.9904024013308863,14.746484118075346,17.465263944694293,1.0833597887756181
2001-04-06,-3.413698152771559,14.120614937391956,17.296855475122307,-0.22360969929408747
2001-04-07,-3.2666644954056023,14.005361074000655,15.549800795395942,-0.3728963464525946
2001-04-08,-3.44577692720845,13.094881223076719,15.014896958559488,-0.2446427320902776
2001-04-09,-2.8700926488461915,13.1777008735386,16.192553255600167,-0.08371342108492658
2001-04-10,-2.677700141280941,13.673742496448755,16.25519637425095,0.08772410455194488
2001-04-11,-1.086692878309292,14.821381581588003,16.10000667926871,0.9347620333357861
2001-04-12,-2.1511632851089733,15.036636343044647,14.815889261046738,2.275500869529005
2001-04-13,-1.4591175291037848,15.408112936504855,15.058710760316028,2.5982963386367826
2001-04-14,-0.28939068398201995,17.12048282841406,15.469582218585835,2.150927956343396
2001-04-15,-2.2399372571966296,16.594068954633205,14.915476606980638,1.1202716217830775
2001-04-16,-2.527049910424703,17.47358316198599,13.458521812846097,2.253257557600896
2001-04-17,-3.6167322193268814,17.415659223584914,15.39362282373066,1.9616777808683261
2001-04-18,-3.612139254214138,15.801049746135174,15.463268051592637,1.395895913581609
2001-04-19,-2.969493262441603,16.40862328001885,16.956885708157174,0.897020674019098
2001-04-20,-4.227071320188663,16.48345424235338,16.909196075861352,2.574126048039333
2001-04-21,-5.409951840276759,16.372259378817088,16.351643454381772,2.1658204591314227
2001-04-22,-4.0294005745699994,15.839523085194262,17.10688741545773,2.6080517293275483
2001-04-23,-4.0777729738989965,15.226178942657926,16.872845458410943,2.4792410587985914
2001-04-24,-3.595893083066871,14.397274615340699,15.631197211807065,2.7555329843955927
2001-04-25,-5.598095333028672,13.23246808873346,13.884918307645009,2.7528865047259123
2001-04-26,-3.9966797617035814,11.899188014459481,16.389341748169528,2.940697472746954
2001-04-27,-4.4673960378388164,11.76935650128246,16.322227483136658,2.9891057914373533
2001-04-28,-5.195360538838077,10.189498787961755,15.668223359727545,3.1722481250500634
2001-04-29,-6.054501763158944,9.532039975670061,15.499250272969338,4.033640343742867
2001-04-30,-7.392396087358819,11.085235460583814,13.815084239854185,4.608567165491742
2001-05-01,-6.937781838854138,11.7991843274179,13.114124076179486,4.884535861892596
2001-05-02,-6.572134862805194,12.352717017945038,13.802309995031093,5.97386472335078
2001-05-03,-8.226921423234275,11.479671603955627,14.340542564861497,6.582713480041391
2001-05-04,-6.602326266211916,12.3763239728891,14.443355908909071,7.5559761716106255
2001-05-05,-7.238603796477119,12.723423172636345,14.16256347418026,9.42227307557065
2001-05-06,-7.941099641943752,11.010669142555006,13.74717378908864,10.717743550252719
2001-05-07,-6.8043081086919734,13.24488915230359,12.24327112999144,11.128903299349309
2001-05-08,-7.5695305088207006,12.804864816460439,10.929431632410012,11.671586781154925
2001-05-09,-8.441948474604871,12.85259216428878,11.307253897571961,11.2473500793676
2001-05-10,-10.814018814193508,12.904623875936963,10.18300396438234,11.081558431275763
2001-05-11,-11.136384206054977,12.9674836209598,10.662052555909996,11.377985211137057
2001-05-12,-11.979896750841077,13.082149264936193,10.941704740337997,11.060569852733279
2001-05-13,-11.070158010090298,13.01698141278762,9.584557639203839,10.715714146026642
2001-05-14,-9.230083911839044,13.98181538255906,8.355526948520462,12.102856017537004
2001-05-15,-11.934041539968364,13.355231649557412,7.292403594611293,12.236248452448834
2001-05-16,-12.350066426219806,13.843486781168782,9.452275150533218,12.438549315131679
2001-05-17,-10.130090528445521,12.699209583476577,9.602942784969095,12.4258981373057
2001-05-18,-10.493489025605777,14.505577067634128,9.568217026937042,12.261414805361259
2001-05-19,-10.12244681462992,15.5893518403134,8.758174145895566,12.97550131802138
2001-05-20,-11.210851301347173,15.43845064906841,9.016100950455002,11.041337150880203
2001-05-21,-13.354076598046769,14.48839169219673,8.196563143299638,10.1400918112575
2001-05-22,-12.20065508181428,14.061391108939569,8.056194473587118,10.542718002531311
2001-05-23,-12.25634420424164,13.574100039682374,7.632948634155537,11.330540786169138
2001-05-24,-15.270250681128857,14.401023796059405,8.704600981641436,10.927513305090994
2001-05-25,-13.684919766944214,14.73245113667305,9.192885405591923,11.431023564297517
2001-05-26,-12.757347333002631,15.219099051982491,7.833042273102796,11.798347307712914
2001-05-27,-12.660014492659732,14.053233851560664,7.21204638514896,11.58539281491269
2001-05-28,-11.887669282954487,12.486452416751174,7.614656796597865,11.71563370665564
2001-05-29,-12.870757561556962,12.124938716188858,5.972999294438638,12.731881518183684
2001-05-30,-12.598385220694603,13.414506475675985,7.420525884776143,12.082806057485321
2001-05-31,-11.31459542986533,13.519712653595858,6.572296108872269,14.019837134180374
2001-06-01,-10.401518102792314,13.865206573547427,7.081681395226989,14.584818061637849
2001-06-02,-9.782439081809038,14.13077004281816,7.425393693534813,14.724942962963445
2001-06-03,-9.315342426496143,13.418906371209388,7.609866318735834,15.036324426871255
2001-06-04,-10.612124419104763,16.00260581764549,8.198585405427005,14.835138246569294
2001-06-05,-10.16821902193069,15.84799750026988,8.796484560513049,14.390824059383139
2001-06-06,-9.860484763994101,17.24979807344036,8.198211076326098,12.683262121307923
2001-06-07,-9.655896273989674,18.611331710483284,6.717886091667726,11.844779965220813
2001-06-08,-9.983147564816525,19.075813634487115,8.213262882805129,10.713413542681762
2001-06-09,-11.584541860259195,19.028791337605448,8.359270329332212,10.133805320420823
2001-06-10,-11.534491927913338,20.065409328467915,9.71990670727288,9.125618931200371
2001-06-11,-12.198943064659039,19.453689305612052,9.144146368709809,10.807854349588967
2001-06-12,-11.663752913997387,19.59525850623438,9.328329101275784,10.57503996014909
2001-06-13,-12.26912193765837,19.02478626130223,9.39928568001104,11.190282974433206
2001-06-14,-11.203934624793133,19.382725588112717,8.138295637953963,11.961626979444825
2001-06-15,-10.60440318686665,21.444368217009494,8.499490827006388,11.658795868061704
2001-06-16,-10.560145883354574,20.41412369413966,10.031308643905561,11.300529983458134
2001-06-17,-11.561257657181061,21.436835263314208,11.312135772932056,12.064337535143467
2001-06-18,-14.294932088427844,22.249372397055957,11.318612555037346,9.528072943747004
2001-06-19,-15.464684191379416,21.652009650313218,11.876144061642002,9.030017755217758
2001-06-20,-15.740387198707452,21.91732532240802,11.0247362865821,7.039712981638803
2001-06-21,-16.079948187041225,23.123199874141847,11.081878647915719,6.039098420309501
2001-06-22,-15.703636592225841,22.377567938509614,11.031664378992883,6.190901249531797
2001-06-23,-15.892602702877518,21.602824403724743,9.62246959883362,5.550951601352134
2001-06-24,-16.557156789392007,21.399523147258005,10.929675048550255,5.471692187192998
2001-06-25,-16.12576070334382,20.651588031251848,11.295034340533281,4.103267773306605
2001-06-26,-16.721647185739265,20.612439135543312,11.969340211433938,4.018339156553318
2001-06-27,-16.53485961807104,21.11033250591898,11.33761680031856,5.277606745904395
2001-06-28,-17.159736787656094,20.423022709071372,10.545389050725085,6.471547708146593
2001-06-29,-17.528484977009786,20.209882328004017,11.83973077068821,5.877530996472356
2001-06-30,-18.260133345640707,20.19044892919316,11.865274082178896,6.8160211016478405
2001-07-01,-18.344606396156987,19.03252541829135,13.049538897200359,5.98037729040432
2001-07-02,-16.75937400871887,18.826670147790228,15.07740836071615,5.118934521464243
2001-07-03,-15.794796419450243,18.866479069977075,15.754746594388562,6.829428902550587
2001-07-04,-16.769230891313995,19.153847469847275,16.031860491476408,8.24095556293386
2001-07-05,-18.00797096804259,19.109243985554915,16.940357466585294,9.450720500148352
2001-07-06,-17.73530461136409,18.39037268157388,15.84968036451335,9.478474364616494
2001-07-07,-16.65182142716119,17.951605231913263,17.793161742620295,10.993893228492736
2001-07-08,-16.90782514708338,18.291244339538228,17.618399416132714,11.92636296754467
2001-07-09,-16.828303926094396,18.370997217145593,17.43321164870159,13.067770911146644
2001-07-10,-16.59855268383981,16.867738699793737,17.587311121878525,14.335386097773872
2001-07-11,-16.66278892848806,17.37617417008377,17.62676788583136,14.505787724416603
2001-07-12,-17.024186271744156,18.227122308718304,16.260973812385416,15.219408251779415
2001-07-13,-16.763050640947704,18.10938347340335,16.394705771381766,16.99802320735416
2001-07-14,-17.164095748922477,17.487854446811035,18.233204458840028,15.984128019874163
2001-07-15,-16.429074367351955,17.180570666930933,18.518264362950678,15.542576198789074
2001-07-16,-18.914714466175948,16.541894163003633,16.659061573220566,14.80431983221227
2001-07-17,-17.71832531225318,16.949639112548514,14.71976937845722,13.55040121817569
2001-07-18,-18.553385539381217,16.93716308440365,14.694478348541065,12.859187329904005
2001-07-19,-18.443865632419502,16.875166257508475,14.607933657690403,13.577241109232993
2001-07-20,-19.05067120027612,14.729029412620957,14.452356303233593,13.349424486141329
2001-07-21,-19.75037667295749,15.473950838559102,15.080219633373078,12.412288154511975
2001-07-22,-20.974691855968764,17.959426247679357,16.14212188625427,14.65078254641774
2001-07-23,-21.68130758493191,16.57339879769378,15.273437846699782,15.516384466785803
2001-07-24,-21.540942387848162,16.800017852304453,14.64864677632909,14.497195121876874
2001-07-25,-23.31251336086408,16.204279183327678,15.061424507424354,13.492206779196023
2001-07-26,-24.813480614707526,18.168608468666022,15.691883061413286,15.067532557698064
2001-07-27,-24.155338823939623,15.754057466003982,15.873947722465795,15.395320792017179
2001-07-28,-24.37386318130134,14.935106870137716,16.95390216632501,16.0066987066421
2001-07-29,-25.86233060548643,14.609043709643508,17.6193976650661,16.202460228264616
2001-07-30,-24.922646044700656,15.454160015379005,17.56192703336122,15.92151070800728
2001-07-31,-24.549550026610476,15.354832263649831,17.808116919167844,15.33872892677168
2001-08-01,-25.259287215138414,16.31603153136912,16.560728428504863,15.487588866889032
2001-08-02,-24.260234898380748,17.089170381428765,15.022108972072234,16.006466988050775
2001-08-03,-23.226885493477628,19.229197321747446,14.967766412588828,13.952051743664372
2001-08-04,-23.096050660155527,19.593549521233005,13.910722092485473,13.564709921608365
2001-08-05,-23.751138769578617,19.778168625097916,16.007984927845257,13.680901592283284
2001-08-06,-24.227444865905603,19.014997161571916,16.064912459388744,12.758458168661635
2001-08-07,-23.75933668190633,17.172173644257118,16.491117042547955,13.135663361087019
2001-08-08,-25.988273360237713,17.93405739293423,15.960974813483183,13.643932027349834
2001-08-09,-25.310654592277682,18.78049649899696,15.967152705682496,12.584930568515787
2001-08-10,-25.36699624189088,17.585857753044998,16.603994460910542,13.165073180614867
2001-08-11,-24.88992400303942,15.715778515807793,17.988317602498864,12.536873069545646
2001-08-12,-24.603581023623214,14.397265529387493,17.21673823339666,13.641539680845455
2001-08-13,-24.853396428745597,14.325306933869824,17.92841229674911,13.930786208505369
2001-08-14,-24.209277791817716,13.321544977915702,16.772843391656973,13.229282614435883
2001-08-15,-24.24848720707363,13.807938780813158,18.221494540948722,13.740523419327939
2001-08-16,-23.46828389250756,13.767278155503766,17.837832312380232,14.901644286014225
2001-08-17,-24.38538599018368,12.0678129393746,18.315258728587857,14.066691090219706
2001-08-18,-22.591827561484656,12.389888066021216,17.14852316506368,13.460817024366058
2001-08-19,-22.427582859814997,13.232513001619305,16.062474238362363,13.578948925557295
2001-08-20,-22.867067769205885,13.724229062265977,17.654053785593312,13.02912953944312
2001-08-21,-22.23270804317266,14.616795897949808,16.45304062717907,11.128920620569208
2001-08-22,-21.435785001285613,16.015997054113583,14.645196994095121,10.593351784847917
2001-08-23,-20.95985455462722,16.813425080974675,14.335269190941048,11.157597416157259
2001-08-24,-20.9498422866104,17.161937120126215,14.42565619154032,10.451243490506329
2001-08-25,-21.47331067351647,15.596769775295254,12.848269623103887,10.70354628201771
2001-08-26,-21.353963228597106,15.60672804610132,11.684425287731198,9.313894291128385
2001-08-27,-22.17510685069146,14.027085894392531,11.506441653096998,10.463084986829449
2001-08-28,-21.871160685800582,14.520073408311449,9.917309890662084,9.22121175438736
2001-08-29,-21.645814953939926,15.019282485711466,10.426168335934253,8.348116655635495
2001-08-30,-21.52726172140332,13.970616070508983,11.26962873490453,7.767357592784324
2001-08-31,-21.212321675246937,13.424997977077249,10.03434128520249,8.708701361687524
2001-09-01,-20.58656204101905,13.10334482373753,9.933748856359973,10.452618533873673
2001-09-02,-22.146589299154222,12.01112534760502,9.708110841109885,10.366883059631416
2001-09-03,-22.421874323289092,9.967636602163093,9.753204963341796,11.347647778097043
2001-09-04,-22.075902577611128,8.898604739898747,9.215821427228141,11.552296954542928
2001-09-05,-22.6077035117377,10.105259997311599,9.760430888397345,11.742012556426097
2001-09-06,-21.62608405098225,8.374837846292793,8.646726038536551,10.5827817257396
2001-09-07,-21.26061223063501,7.027643518666942,6.958004828985197,9.043348376875269
2001-09-08,-22.64803291032432,5.888187224993492,6.320034919829758,9.147792974165357
2001-09-09,-23.78620954252896,6.2718065613234915,6.626872148616789,9.508309783681943
2001-09-10,-22.528063089071246,6.862668053549177,6.430731360370151,9.029444804730835
2001-09-11,-24.57666268119114,7.764544456744677,7.564592478088329,8.518200218468818
2001-09-12,-24.360835656947902,7.757449612897737,5.905826619421381,8.455642135792187
2001-09-13,-24.185685505646582,8.509904215153052,5.265143533063777,9.397932062693059
2001-09-14,-24.912188924220633,9.013201533045212,4.888571385842418,8.147085990202505
2001-09-15,-27.44510051649426,8.906848212066993,4.944829585792582,7.03949299358079
2001-09-16,-29.259975788595703,8.78671831489672,7.820773139054571,5.922985864703916
2001-09-17,-28.07242809698933,9.84785625633653,8.64794267913206,5.272111533933048
2001-09-18,-27.468756722871323,12.27822254968072,8.170133080148586,5.901591164762266
2001-09-19,-27.30626276009411,11.012357448289489,7.7784159510281725,5.646383496979982
2001-09-20,-27.237288352522906,9.945929033803136,8.333589734707255,6.068065104434257
2001-09-21,-27.842946367421213,11.13846409329339,9.04025581866976,5.813098523424028
2001-09-22,-27.50286294226911,11.320452602184893,10.198381573982441,7.809394459544912
2001-09-23,-25.42525784020616,12.494809065437996,10.966289926342784,8.470271327695109
2001-09-24,-27.435258761297664,12.237453162680502,12.79923181381452,7.439218891083953
2001-09-25,-27.124714873328063,10.520715465096213,12.791919463155516,6.594115914054009
2001-09-26,-26.891853773824646,10.007492019992947,13.718456877602867,5.85178885075889
2001-09-27,-28.446420841118083,11.519270430895919,13.562331571324329,5.027059792353639
2001-09-28,-29.876719062734665,11.503120546813907,12.628797063641125,5.578810779383986
2001-09-29,-28.656932940198374,11.3921215247654,13.768287404254021,5.653164521956292
2001-09-30,-29.199252887300077,10.95863053905906,14.26485527978678,6.279505980520481
2001-10-01,-29.794403942859223,11.00595439678871,13.858500525314076,5.500959362752493
2001-10-02,-32.72228736714133,11.178403641263797,13.211000418782127,4.538309752910434
2001-10-03,-33.57771352740045,12.278221278669388,12.979939696624657,6.009991673294842
2001-10-04,-32.73976305630981,11.855909657678614,12.12885295238024,5.158361091762659
2001-10-05,-31.658118027472536,10.651095990146382,12.186105246337851,6.157072395733595
2001-10-06,-32.85622592824674,11.13037905447799,11.055556277359722,5.903220957464085
2001-10-07,-32.68180089352555,10.100240604948466,10.463985499421927,4.246902554853997
2001-10-08,-32.398226940410574,8.699867176341488,9.858672168330868,4.368585481130918
2001-10-09,-30.58512253703674,8.743801151297305,10.407172714622336,5.399673611828964
2001-10-10,-29.58322282647298,9.337130102889466,10.885920830219039,5.009756779064351
2001-10-11,-30.10777520142954,9.98975265008358,12.080355622092556,4.822581492065027
2001-10-12,-29.782360440613253,8.395011992030053,12.490262433716259,5.81708776941826
2001-10-13,-30.625841145078937,8.718337891043058,14.008917888027643,3.224915305959321
2001-10-14,-31.814197283077583,8.27673126558289,14.903302712440572,2.6955728308845215
2001-10-15,-32.28235981978413,6.149080724436393,17.323040931908533,2.780184429125602
2001-10-16,-32.870474054722656,7.205381293640321,17.247931002552008,3.0537078322443016
2001-10-17,-33.227512250545644,6.5517920524653,17.000987316357506,2.7923860133505056
2001-10-18,-34.63478525959384,6.619840248881753,16.62625264313383,3.2577600327590783
2001-10-19,-34.260440215384385,5.313231856772323,18.265084028807756,3.1079456583396183
2001-10-20,-35.10067928630537,6.1889453364163804,16.385732131553308,1.42225137376012
2001-10-21,-34.60520910262647,5.365844651090256,16.79990156780162,2.373724535663231
2001-10-22,-35.155599434403186,5.919802566059478,16.522283974856965,3.5817482624122348
2001-10-23,-35.08582833384687,5.5329442409447385,18.199203595965585,3.911123774364836
2001-10-24,-35.178740233495446,5.443283127689038,18.493489606801898,4.441958354359812
2001-10-25,-34.341363462123574,6.13979374970705,17.595486311679707,4.623096942322251
2001-10-26,-34.547808239326336,6.685148200571878,17.32763133362045,3.7881758398242047
2001-10-27,-35.924322410220114,7.930838753171471,17.772635854851952,2.1119786248722034
2001-10-28,-35.31089474424396,7.933615337639373,17.959583012371546,0.24177094901768803
2001-10-29,-36.91595633888522,6.974733525741567,19.27197785051718,-0.28103657753330624
2001-10-30,-35.20058745282464,5.679962954362075,17.51327437034664,-1.2476730814144485
2001-10-31,-34.691997991706764,4.948985518951711,17.958444315570656,-1.039977742465802
2001-11-01,-35.61647596603027,5.419948478140198,18.955253877769707,-1.9301144651155853
2001-11-02,-36.39789151584685,6.909657322522831,19.48499772125309,-2.4886702746553935
2001-11-03,-36.196583162943845,6.463910736854125,18.31925706877947,-3.1068503400833776
2001-11-04,-35.533029663168485,7.29672909322515,18.02514722663948,-4.1838076655314484
2001-11-05,-36.715196292328464,7.247727159380388,18.142497730366657,-4.381941034198671
2001-11-06,-36.607567947696886,9.162355868317297,18.576634234059817,-5.792758932447025
2001-11-07,-36.72148134492441,12.123836232469946,19.08777273683276,-7.21589997151308
2001-11-08,-36.616552011308556,12.445784755991182,17.872816898604796,-8.058824186505452
2001-11-09,-37.0458907181923,13.291954218027879,16.6007867361395,-8.136953818549928
2001-11-10,-36.707580352648435,12.161691868762478,17.92390304427342,-7.341618926557483
2001-11-11,-35.94670531373903,12.972414159152391,18.561325982695337,-7.411000216472767
2001-11-12,-34.881234136902144,13.283131796583207,18.13517322222015,-8.192524921201509
2001-11-13,-35.43293265860431,11.963383018415131,17.497214494425382,-6.043523625043456
2001-11-14,-35.7404989874275,12.104752847285917,17.095208418248546,-6.49586774618392
2001-11-15,-35.54107778592569,13.562831490888813,17.24876690529968,-6.0152187626407745
2001-11-16,-37.91596267403317,14.766096597751622,16.866397409613732,-7.295345885478684
2001-11-17,-39.07311906246226,15.314937669342259,16.44291488359047,-10.135016938464489
2001-11-18,-38.3643404901534,15.52607446897057,15.796978910778257,-9.975365323171225
2001-11-19,-38.677845595065605,16.680635302968508,15.082864816492654,-10.20385422135272
2001-11-20,-37.36439180830379,15.297185060728879,14.549934284031522,-9.854895989683625
2001-11-21,-37.12533713951421,15.2902929061225,14.49307877053796,-9.008417994937368
2001-11-22,-36.604254986265104,14.794324056769952,15.44738316213672,-8.878403396872137
2001-11-23,-36.11661505826151,15.4135930244331,15.788377034494244,-10.279684797042648
2001-11-24,-34.24912299256139,17.695776490750053,16.419200589447744,-9.361071683087653
2001-11-25,-34.21966050579633,17.759609308562865,16.711524122871122,-7.89892934591181
2001-11-26,-34.49600525309154,17.589941498916456,16.628236202683436,-7.605531417983231
2001-11-27,-34.79576428698454,17.075029476295917,16.854248794827114,-7.181855364001018
2001-11-28,-35.97907041003341,16.929769678634557,14.86028946721694,-8.292480240903352
2001-11-29,-37.24895975098419,17.191377162628783,16.37569908895333,-8.212530675955444
2001-11-30,-36.180258777561384,16.499613946704958,16.450145934242627,-8.542440193836175
2001-12-01,-36.02565907492627,18.66783587207939,15.977393601698758,-7.833760726691329
2001-12-02,-34.21431385153624,17.65980122884887,18.95499614335601,-7.673517886171266
2001-12-03,-36.41372664164609,17.005674669394924,19.05183018293208,-8.116921370745326
2001-12-04,-36.39428199607291,16.32812276156048,18.63605997188333,-8.45237372402412
2001-12-05,-36.292283182399245,16.737615390530667,18.532631000399174,-9.18593330646953
2001-12-06,-35.153794697682486,17.10464962367319,17.136225891604727,-7.61454929510069
2001-12-07,-34.77263903858745,16.06902808947368,17.943052050395178,-6.664478077134404
2001-12-08,-34.488411984122635,17.413735692016125,18.327381788215234,-6.031281177469504
2001-12-09,-31.97715364828727,18.63862836982732,19.30875148274381,-5.917404099627312
2001-12-10,-32.361982742839956,17.906266632905528,19.4400189384585,-6.382459367053347
2001-12-11,-32.04448922073961,18.473510524348065,20.918190809213094,-7.773768192075543
2001-12-12,-32.17473354812803,18.04330711779581,20.548146422160848,-6.596270481672894
2001-12-13,-30.663011716113978,18.568740682703382,19.34214947062747,-6.947350286941325
2001-12-14,-31.321748683305678,17.231344814832852,20.768513383508708,-6.053630977813651
2001-12-15,-32.5483759810793,16.840276685044632,18.132145129688244,-5.293579788648192
2001-12-16,-31.884339176303268,14.863406131062566,20.125435778747637,-4.9643060919103235
2001-12-17,-30.719309907173027,15.746367246861189,19.77379325162695,-5.358088193840053
2001-12-18,-31.05141389788312,15.925675953571684,20.853310827106046,-3.7233824600345864
2001-12-19,-31.93803219450105,16.134717564297407,20.401336569274928,-4.5377798456836445
2001-12-20,-32.05109196309911,13.92603456892344,18.71836228882563,-3.8234551437689914
2001-12-21,-34.639680355452455,14.614150534159993,17.67628914098092,-3.029022481941775
2001-12-22,-35.79961050605972,14.928448839392969,17.27003038241359,-1.6674223089401745
2001-12-23,-36.62604898751282,13.519008492239632,15.654599829039034,-2.523299160873285
2001-12-24,-36.139076700440185,13.401130861261095,17.15320380078667,-1.9375151435486506
2001-12-25,-35.08880468151693,12.974865828354151,16.475227479177263,-0.3623107855672256
2001-12-26,-33.941154502909626,11.746221213807095,14.51591448408636,0.6212923904737714
2001-12-27,-34.48812047015016,10.603157986158278,14.889570193030357,1.7563484750501028
2001-12-28,-35.74086451958509,9.710707810150131,16.21199283743097,1.671185162660306
2001-12-29,-35.01528356970798,8.862863862419312,14.54115949166028,1.812011842921023
2001-12-30,-36.131544994193874,7.588498799634289,14.288794726241472,1.2907343632666266
2001-12-31,-37.196553526280795,8.249890712680694,13.229714718573298,0.0640027076153813
2002-01-01,-36.7025771252871,7.917297753439599,13.272943048095085,0.500412059420689
2002-01-02,-37.472939488008315,7.89512918798551,12.892382869443834,-0.7328075367950379
2002-01-03,-37.07122159722517,7.265957565131619,15.41644001226678,0.09825080776147466
2002-01-04,-36.168012377435474,7.479434525514077,15.242690469181035,-0.782324562437149
2002-01-05,-37.04338767959904,6.243687392702935,15.866954216319831,-0.3994235474720503
2002-01-06,-36.356622340246815,5.6786725374643146,15.238141217258544,-0.8702689217430764
2002-01-07,-35.907078170509244,5.1719158385758295,15.313823928187155,0.1007001351890714
2002-01-08,-36.58298277795508,6.062942244173295,15.877269465324247,2.065942000345473
2002-01-09,-37.03486488440195,5.3218542006731,16.26201065655928,0.5093026438547257
2002-01-10,-37.798004448496,6.182505449801585,17.45576711145011,-0.15037340053322956
2002-01-11,-36.8706527128442,6.434810175148045,15.719542885350574,-0.05852564686685556
2002-01-12,-36.25732688373704,6.240091497750949,16.339446163711266,1.7460457988537679
2002-01-13,-37.07035861896456,8.259066560391572,16.210925126419436,2.097862316073204
2002-01-14,-38.116147249579264,8.974843197085844,14.871060889183497,2.61467935938332
2002-01-15,-37.24171075685395,9.432304525906318,15.536834897621775,1.9651866361445889
2002-01-16,-36.62431322507206,8.927904602264336,16.080225891028938,2.3260098460989322
2002-01-17,-35.212011332770366,8.852568279606896,16.195667978365133,1.3194614982412491
2002-01-18,-34.83857940847949,7.489065482208891,15.846691758663559,-0.6882630200975695
2002-01-19,-31.668458222949578,7.316394191352354,16.951817963129766,-1.156285652614802
2002-01-20,-31.690555024173165,7.943596313761406,16.621468507996703,-1.0577761191468391
2002-01-21,-31.448231295247826,8.706622942878194,17.67633604259024,-1.7452226344162791
2002-01-22,-31.787931445436588,9.566036841457581,19.801539294044186,-2.3410786478830414
2002-01-23,-31.058583397700907,11.094976064350083,18.886843063053924,-3.50442420332044
2002-01-24,-30.263810629582007,10.659595187185866,21.05848965924016,-3.6079019781523614
2002-01-25,-30.615970423397325,10.287671688827626,23.033313247527317,-4.290927221115053
2002-01-26,-31.075718231533706,9.857883352846796,22.531990243833317,-2.8098372482276712
2002-01-27,-32.421340240472546,9.925310713107953,23.372897382634413,-5.03350082330163
2002-01-28,-32.43172390651161,11.003501246359669,21.036346909670087,-5.264786834409595
2002-01-29,-33.496040253543114,12.182637139881535,21.687570670891397,-5.473535549550876
2002-01-30,-34.84522378982393,10.773266049483624,21.857285839082806,-5.441989445447527
2002-01-31,-34.98050035401337,10.653446317915227,20.454592559177556,-5.50894002542688
2002-02-01,-34.43970276322405,11.095086828109425,20.136430008634765,-6.480527293256694
2002-02-02,-35.65357260134647,11.64965387321337,20.87206058470346,-8.28926712176126
2002-02-03,-36.08440489432523,12.049982622447695,20.154891528952522,-7.512385580519629
2002-02-04,-37.01345176244607,10.352798953791588,21.109010405490178,-6.918851431051288
2002-02-05,-37.81118631423959,9.805589844346937,22.818437588917927,-5.836153815737421
2002-02-06,-37.10974308206316,10.104386370277405,21.700994074424436,-4.621680128895075
2002-02-07,-36.791167847607554,9.637389865951686,21.7452014551367,-3.90111595230769
2002-02-08,-36.8929864179608,11.428702887294637,23.459802319424988,-4.813807450029782
2002-02-09,-36.87297303285653,11.941054758950317,22.067817451336182,-4.62866838341396
2002-02-10,-37.99288189637603,12.936229328303513,21.634750812692086,-5.6632695002515
2002-02-11,-37.01566337436829,13.997458801245674,19.509291157719712,-6.131407931803332
2002-02-12,-38.421192389383506,14.974369643808956,16.526428256273437,-6.607376877718725
2002-02-13,-38.800193373948204,14.166640429564058,15.568625486583992,-4.872214682742527
2002-02-14,-37.687651181534605,14.912117521072823,14.731462374617507,-5.3312912799881325
2002-02-15,-36.97667066606681,15.249983042252206,16.46716703846149,-4.841738043931747
2002-02-16,-37.43342178679028,13.902402856156893,17.36544183787042,-4.902663242156154
2002-02-17,-37.169522878034506,13.612101079719713,18.284774738353065,-6.152855816510002
2002-02-18,-36.90449177399249,13.071303631521367,18.43461620772125,-7.05242480724304
2002-02-19,-35.94565294152929,13.50238436780461,17.09584853168066,-5.904934507105379
2002-02-20,-36.03345746346868,13.620741677337346,16.324828005881553,-6.9549217225666915
2002-02-21,-36.36987233196707,12.757914456926596,17.863613767653835,-6.048044085861771
2002-02-22,-35.77103302617632,11.305197017896425,16.693005319528115,-6.631979066659903
2002-02-23,-36.94419656105843,11.326676940140402,16.028872354579715,-6.924294337684827
2002-02-24,-37.088215082503844,12.117565050524258,16.614711839352374,-8.349098314889297
2002-02-25,-37.77121557467036,11.073536731852524,17.46933795801797,-8.544502423361635
2002-02-26,-38.37065818201487,10.70543921580481,16.850325377251334,-7.77812074889454
2002-02-27,-37.7102591786549,10.513650196591025,15.939645166078071,-7.426137737202063
2002-02-28,-36.89529353486202,10.4529389941002,14.908971885479218,-7.170401937165573
2002-03-01,-35.8171550034112,9.88434186219639,15.559868500267815,-6.643344196955014
2002-03-02,-35.66948343912921,8.733319530008307,15.111573613451117,-5.793502679275516
2002-03-03,-34.955716380638975,8.736871095804174,15.205914545380383,-5.20261437481531
2002-03-04,-34.46240255108711,9.78344126814474,16.432434229975073,-4.6609271940823405
2002-03-05,-35.768016103518185,10.213217169254234,15.827568781317048,-4.587379245817362
2002-03-06,-33.85093319493128,10.44845603881852,16.448663110505695,-3.484185810211901
2002-03-07,-33.62888292262084,10.415002124786415,16.18750401660847,-2.7871824224365023
2002-03-08,-35.392218600397186,10.165321513444217,13.866739918361894,-3.470210284704046
2002-03-09,-37.00406030935414,10.161628070355116,13.222640923106475,-4.521609799353495
2002-03-10,-37.18297747260462,9.272193484929895,12.564026445051232,-5.328511856180625
2002-03-11,-38.41664413512461,9.722037789232067,13.137999343224092,-5.882532473383722
2002-03-12,-39.02970433049011,9.943045172652948,13.455517028259214,-6.529554431024409
2002-03-13,-39.35821187269285,9.522642360168339,11.98454285059857,-8.022423221948513
2002-03-14,-39.73975120328663,9.62272980660648,12.43180147113386,-8.722733030101457
2002-03-15,-38.909389435113646,9.631341393729464,13.615461582722846,-8.946357836696974
2002-03-16,-37.85307261419211,8.490301326113014,14.543822818054077,-8.934314484427608
2002-03-17,-38.11494786908016,7.837733837555934,13.169727478233025,-8.865092054029647
2002-03-18,-38.00643186308776,7.910830132514601,15.217105175835355,-10.677724239015655
2002-03-19,-40.08612387120936,8.779686276064119,14.810700595923871,-10.865706368180808
2002-03-20,-40.722780652139,7.5341665201204755,14.117737371099363,-10.804346546841154
2002-03-21,-41.913358155457935,8.074978015315153,14.291853815668329,-10.595576682858681
2002-03-22,-42.95204558392951,8.421177287258192,16.726621693485203,-11.049393708626871
2002-03-23,-42.94464370140801,7.6926064613674425,18.001887940365847,-8.554079589393865
2002-03-24,-41.96531230676602,5.329904468747692,18.417656711255322,-8.391645643699334
2002-03-25,-41.802291089569025,4.768473913952799,18.229045914686,-9.007860215652618
2002-03-26,-41.87404799453974,5.220312344301493,18.638638228667322,-10.997162354764146
2002-03-27,-41.29979367599617,4.600820668188732,17.75308892020199,-11.438709975180076
2002-03-28,-40.71029785874143,5.414909735192895,17.980150063670692,-10.475794289787036
2002-03-29,-40.70426660524791,4.737305273898009,18.151987220416657,-11.287194276209707
2002-03-30,-40.031576459347555,5.3128843227168865,19.325496362481474,-12.154818083368744
2002-03-31,-41.03152069246079,4.7654767373020475,18.91963941927798,-11.66908418926476
2002-04-01,-41.06001613324772,4.71023261246996,17.901354545663107,-12.704803946390937
2002-04-02,-42.2652800830328,3.8980282869868628,17.234881906736092,-13.214199797110835
2002-04-03,-42.572126385234775,3.498302789334153,17.869509344700493,-13.841940775096107
2002-04-04,-42.79371505027019,4.529493242739641,19.88176260613627,-13.18406471745053
2002-04-05,-40.349390135373106,4.187198639252362,18.189864541531765,-13.39137203905845
2002-04-06,-39.90896248238006,3.973831389687347,18.27663089446435,-13.70732384424758
2002-04-07,-39.7279682946588,3.459815415706919,19.597733072600267,-12.233105370347172
2002-04-08,-39.30482401769666,3.1726559074000127,20.07966258334771,-11.729891251870509
2002-04-09,-38.65925533471606,3.4391203601002642,19.280760068704403,-11.522484778245445
2002-04-10,-37.65449857208708,4.530795822406004,19.786316584770358,-13.139351449905567
2002-04-11,-37.49468549421153,4.4075866130321195,18.287973443094174,-13.354379166242188
2002-04-12,-35.08526215429103,4.249972120418936,18.024320429584893,-13.761649220890929
2002-04-13,-33.137681627691286,4.6157637457976985,17.83015966963167,-14.194571835103996
2002-04-14,-32.07874118615637,5.852098871870409,20.628784554600912,-14.270405345830516
2002-04-15,-32.03609813594493,7.115849598681074,22.140973596910328,-15.571109195891765
2002-04-16,-31.178969882893817,5.4381503634430315,22.22302119471102,-15.516570213025668
2002-04-17,-30.520921231415336,4.838385790140215,21.208720318988806,-16.064620382748938
2002-04-18,-31.379579838508658,4.27802416285352,21.351421703028656,-16.276471954439835
2002-04-19,-31.879167825254445,4.147882816867685,23.22205234342708,-16.415452718253302
2002-04-20,-32.57881259721517,3.3083212769459385,23.226146691541093,-15.826847641257224
2002-04-21,-32.156712372040126,3.8025863438858964,22.30695976859298,-17.302393058966285
2002-04-22,-30.621750305537187,3.1330584948686155,21.446013472501043,-19.38303343930208
2002-04-23,-31.01680918264051,3.1956274099415647,21.458765017663772,-16.317344587690812
2002-04-24,-31.14975608011037,4.220018789942339,23.19087897611823,-15.190912219445465
2002-04-25,-33.082805146181165,4.250193918183914,22.805566573367656,-14.490969912750916
2002-04-26,-32.557870194117605,3.689546958214181,21.750279969080903,-17.26412552429139
2002-04-27,-31.667693400870366,4.166807395296465,19.888979030910665,-16.131468786288774
2002-04-28,-31.87681563454184,5.405087232829987,20.154489687949493,-16.33505022184718
2002-04-29,-33.065608921024655,4.232236062335129,20.683587449073876,-15.510332320700588
2002-04-30,-32.996562274846035,4.185979639736214,18.931789533673076,-15.246026684799881
2002-05-01,-32.47815247491255,5.810812392454645,20.394001261636372,-14.368368587537518
2002-05-02,-32.238501619239685,7.491388423977977,21.20173400126919,-14.870094423182465
2002-05-03,-33.73765952492973,7.2277402575244105,21.9192940821332,-13.505912564080418
2002-05-04,-35.158770788253825,7.168805320677459,22.4933344629857,-14.724425732927232
2002-05-05,-35.53289428878492,7.711881354763215,22.6587747937876,-14.49130144257576
2002-05-06,-34.34012493894137,7.80073864911238,22.16442268915425,-14.12184061372534
2002-05-07,-34.70432824004097,7.667326614127515,22.313864138376484,-14.4102144055806
2002-05-08,-35.76607822721525,7.799118972083829,21.352068843566357,-13.487451288554038
2002-05-09,-35.47814501724793,8.628806081000302,21.700354260519877,-11.670627824314982
2002-05-10,-37.06213555356921,6.60707933570149,21.95002579465313,-13.371377317463331
2002-05-11,-35.756405090048425,7.631105832443174,22.794146799051543,-13.336851656832417
2002-05-12,-35.28348413705647,6.8262910036162125,23.94611121083418,-11.912695502743386
2002-05-13,-35.55065593735343,8.42692908109696,22.02151654043204,-12.368057229504638
2002-05-14,-35.729681585714644,8.68225162567925,20.299552361523986,-10.551605358963148
2002-05-15,-36.144568229418546,7.981216388107168,20.997455148592437,-10.463775035637132
2002-05-16,-34.84821409495973,8.786935973587676,21.67786440530426,-11.798287967521613
2002-05-17,-34.07454100269183,9.098772130692888,22.545981832109145,-12.919220801552582
2002-05-18,-32.10790257616162,10.232190960183555,22.587919309526033,-12.778113813342895
2002-05-19,-33.137179639848696,12.095282690510707,22.479029602900567,-12.51707719343363
2002-05-20,-33.55933867755278,13.554474762328473,22.465219230079914,-12.67361659410705
2002-05-21,-35.06319168819145,14.430853561151002,23.302713186135065,-11.309319965323064
2002-05-22,-35.84429528290825,12.663424579352279,21.25507633008429,-11.86347746940899
2002-05-23,-34.828629308340055,10.289564947437059,21.89288985903938,-11.640295320149399
2002-05-24,-35.00558450702141,10.583821590520335,21.247630543320707,-12.996342636008396
2002-05-25,-34.152023775453685,10.529033981276037,19.738700822053275,-15.22105224719045
2002-05-26,-32.84363045324642,11.49581622529238,18.855170197750198,-13.99031045258301
2002-05-27,-31.522805788453155,12.664373048874957,18.09987723404906,-12.369945750032597
2002-05-28,-31.976085176221094,12.475618102533812,17.959536461268375,-11.608216379680396
2002-05-29,-32.88753424138426,12.470411751751467,18.197181119857767,-12.636995284365625
2002-05-30,-32.16699587521121,11.691885816481948,17.306235070266446,-13.193740546991979
2002-05-31,-33.66609014572379,10.841526347001977,17.567107579892674,-13.334652657669013
2002-06-01,-33.241912080321406,9.555002839528969,18.13087610300495,-14.513299358204891
2002-06-02,-33.748765188055266,10.229085878013622,18.023681086066393,-13.541501094411318
2002-06-03,-34.27129166327085,10.060574016653238,17.976750459456767,-11.699184992174168
2002-06-04,-34.30103551694654,9.936322693728002,17.86041863249564,-12.086263905380605
2002-06-05,-34.86493078799865,9.383691369312489,17.81923111003621,-10.557783108843847
2002-06-06,-37.08792604850829,9.829559045400515,16.142396550354242,-9.743662066470371
2002-06-07,-37.77641774573788,10.548179440363805,16.475587285667107,-10.70757331406428
2002-06-08,-38.79733077519247,9.419126234116346,14.851349012438456,-9.670057242634613
2002-06-09,-38.25074760493302,7.45967067417273,14.053534648602241,-10.860026560313763
2002-06-10,-37.49288620405645,7.286696671921942,14.248165949893178,-12.851840548158348
2002-06-11,-37.566958241633074,6.913122615872158,14.220029254133177,-12.05534585924483
2002-06-12,-36.16304875342022,7.527699701684357,14.470124776653751,-11.152392265706975
2002-06-13,-38.523033314819656,7.157380707683882,12.14340823378002,-10.354468159055342
2002-06-14,-38.00659823643745,8.106462366767916,12.653974551380708,-11.045090560691154
2002-06-15,-36.5087194360355,7.3548700303768015,11.768389650682831,-10.315672617065461
2002-06-16,-36.05559979633693,7.786345745790288,11.888214325127372,-10.389999414848306
2002-06-17,-37.52027365399067,7.40856994990983,12.703920067627177,-10.501711565076647
2002-06-18,-37.73400607789158,7.976503008487508,13.201925030688628,-10.636246842631843
2002-06-19,-37.75107295238312,7.203621602329353,12.082220095559894,-10.136539329542455
2002-06-20,-36.69342450302044,7.448014424362535,13.512144203496305,-11.202185967690825
2002-06-21,-36.344848669706224,6.59115117163428,13.176141449841808,-12.137080452365435
2002-06-22,-36.56452679702692,8.094046072320532,12.601813823628534,-12.674085917200646
2002-06-23,-36.59682644679472,8.160758370010823,14.321659117114539,-12.142409790832694
2002-06-24,-36.07484970075357,9.859150662802744,14.953035897028174,-12.064446931332714
2002-06-25,-34.58400779313688,9.427475358417121,15.126794238089557,-11.639476140509858
2002-06-26,-34.88692103231604,8.603831232022854,15.810045735779495,-12.265954122228656
2002-06-27,-32.68588055279431,7.594105682513776,17.25921576302052,-11.69797163053116
2002-06-28,-32.494341889954455,8.678642805872979,18.31232755923374,-12.093306663350777
2002-06-29,-31.0593267620512,8.237953025339456,19.938230470904436,-12.216272653018725
2002-06-30,-32.09717375290416,8.156739782760447,19.206511221787654,-11.849139855301287
2002-07-01,-32.361743517723106,9.290967242256118,19.118044555027975,-11.896104763876709
2002-07-02,-33.50450014521768,9.621276979769995,19.495271596414632,-12.090252144809936
2002-07-03,-34.45411604144854,8.966409537142981,19.525088681552415,-12.022056574192712
2002-07-04,-34.118707563561664,9.950963860938199,18.383942470280946,-10.032921457831966
2002-07-05,-34.77737226327354,10.370147670767523,19.12330897850191,-9.091824352118213
2002-07-06,-34.553223458703116,11.895459375984272,18.637000116466304,-8.547992358450616
2002-07-07,-33.25920496987949,12.168265309522328,17.776035394119113,-8.90555073927702
2002-07-08,-32.66455189133191,11.527240629399495,16.985836732478305,-8.848779889245982
2002-07-09,-31.694354043156007,9.64704247134781,15.221699362547806,-9.173379863722117
2002-07-10,-30.16841228341934,7.971238329793323,16.05263422197648,-9.169376707241085
2002-07-11,-30.140857511697625,8.717764818653675,14.923643590970377,-8.504335239148602
2002-07-12,-28.012978833856064,8.389139622462277,15.500630821721368,-9.684948127255542
2002-07-13,-26.309161707193667,8.334935457897066,13.661328693905256,-8.821158850465508
2002-07-14,-27.54447648624894,8.646542664126537,16.621360287406272,-7.826999682676712
2002-07-15,-27.040018482779704,7.683466836554428,17.606719202013693,-7.444076186024183
2002-07-16,-26.48994195140413,7.5119253320182455,18.14283402279703,-8.354681858972045
2002-07-17,-26.091200729362892,8.391367124781938,18.655645650104702,-9.44679198217603
2002-07-18,-27.993642522696145,7.916230765024964,18.420159218919384,-10.318405504345868
2002-07-19,-29.405034187035827,9.07105796020885,18.407748720627673,-10.777228458673724
2002-07-20,-28.96970656520126,8.046437201509354,18.277087126826242,-10.177546976759956
2002-07-21,-29.931439564300636,8.984794050261081,19.80367602098438,-11.364163864630228
2002-07-22,-28.775272352940323,8.65020955375346,20.916608437914114,-10.72153612292566
2002-07-23,-29.333359242384596,6.7892982362182,22.215088246082985,-9.511523771233128
2002-07-24,-27.4227490257185,6.850172511128288,23.076008379995848,-9.098564963800285
2002-07-25,-28.253354619325442,6.763703867951498,22.338089903026518,-8.73381909734352
2002-07-26,-28.66977844123255,7.871075301473015,21.26249279136808,-10.226079605762182
2002-07-27,-30.27957908786859,6.457945648878587,18.85154856422864,-11.038729678226119
2002-07-28,-31.030626574801147,7.7659213175317126,19.051270041644347,-12.154921335051025
2002-07-29,-31.58096216429739,8.60065448144185,19.332733232951586,-12.679262525352048
2002-07-30,-29.94577233845914,7.731057718278906,18.10908597027111,-12.982650765502283
2002-07-31,-31.80935435394488,8.216445138555125,16.9551811968971,-12.186207755156063
2002-08-01,-30.570375075065627,6.804262918715511,17.54881299613375,-11.313820274189998
2002-08-02,-31.34234016185161,9.02494385004825,16.945854350396758,-10.003848164299562
2002-08-03,-30.799925935869073,9.205883666781748,15.553332163010909,-9.59919757852137
2002-08-04,-28.662996080200173,8.65665661158287,15.918414239824253,-9.316166779399403
2002-08-05,-30.374424032768584,7.930161609939846,14.822727968345335,-8.530430220790524
2002-08-06,-29.24816181552249,8.122806252656535,15.991599980961043,-8.479262616229406
2002-08-07,-29.051017039522627,8.518962728694714,14.82685614491014,-9.454710253515735
2002-08-08,-27.91639556930769,8.597318699703207,15.996777009226767,-10.536561821039722
2002-08-09,-28.682889947421035,8.546201543717746,15.424551884474338,-9.99773776029033
2002-08-10,-28.649682317767077,7.6320712536981015,13.813002035571358,-10.45824140936487
2002-08-11,-30.04167238551728,5.1695203007245905,13.522537951884267,-11.186337181632695
2002-08-12,-30.57004405980789,4.80244850453488,13.995944610188713,-10.53101112401131
2002-08-13,-30.853801169560246,4.8857533760507845,13.839352780389763,-10.558584613413478
2002-08-14,-28.19314535002061,3.876649289489369,13.754058040291357,-9.516604095582451
2002-08-15,-28.413261247366147,3.453721262086436,12.863475758034271,-9.514829697521256
2002-08-16,-27.555788436957304,2.5854996411291244,12.533626030572085,-9.427692789503842
2002-08-17,-28.611168250931524,4.228702433271778,12.395564335969645,-9.087100653135776
2002-08-18,-28.89106097331227,3.5747709326127577,12.919857859820773,-8.377531081757159
2002-08-19,-26.813745819621953,2.9094566994946587,13.721572147200895,-9.30103638689036
2002-08-20,-27.173596461459155,1.0607935427132362,13.9341667739854,-9.465545305884358
2002-08-21,-26.869585475305172,2.506703243352775,13.700754593583374,-8.729472962118242
2002-08-22,-27.050214681069054,0.00503324749131373,14.482737760140973,-8.093725778681762
2002-08-23,-25.1714633630135,0.29200790535578147,15.159527442398387,-8.605709644055219
2002-08-24,-23.902496456974426,1.6461555281138165,14.986104077439757,-9.770121729624242
2002-08-25,-22.29621280103007,1.7184656164234573,15.987751933221562,-8.821037739864822
2002-08-26,-22.79013726997845,1.320419799296404,17.229072261306236,-7.558811253041566
2002-08-27,-21.578358279484547,0.7009834892512273,17.538423273924433,-6.332608932785508
2002-08-28,-22.231135405624265,1.7120700642934361,18.486511069129673,-7.761195215559964
2002-08-29,-22.140737061878742,1.8112872120711085,17.976579264412578,-8.30811942970914
2002-08-30,-22.14736903508183,1.1335319532830614,17.144317956923423,-7.982005646165601
2002-08-31,-23.028234850805934,2.045529461422412,17.15280742115601,-6.8747563149638875
2002-09-01,-22.104805424780533,-0.026416284828572056,17.764030103065412,-8.357332334015688
2002-09-02,-22.876175123669704,-0.590169654180492,18.100199785078495,-7.320115324176959
2002-09-03,-23.521082978573578,-0.39680478339939,18.65882685217013,-7.87855407034685
2002-09-04,-22.858880836528886,0.08218675319464419,18.617537634614862,-7.414695563046018
2002-09-05,-24.592856350688393,0.1405920292899814,17.813045195835844,-8.111190266432759
2002-09-06,-24.930871882506867,2.217007752253596,18.445314220331785,-8.438059244172505
2002-09-07,-25.215872343147094,3.567526016293801,18.20900661490063,-7.6860542557862495
2002-09-08,-25.47542944442073,1.8649949192028723,18.138243417301553,-8.184052771474155
2002-09-09,-25.397263584100827,3.098465924408419,17.335734216853492,-6.3817626038904285
2002-09-10,-25.611577774667012,3.07196929561726,16.65364590962328,-8.138559026898033
2002-09-11,-24.28283573693761,2.280754510119153,15.630492480127497,-10.646024411866486
2002-09-12,-24.471138175950426,1.4404553425261113,17.625635673535577,-7.609194266327679
2002-09-13,-25.902868304997718,2.050631178068243,18.51757929482908,-6.656614093836412
2002-09-14,-25.77087599024584,2.6552691097500465,18.500073954009935,-6.094450740828015
2002-09-15,-25.711335490892225,2.132760463774378,18.902907389157328,-6.229342623276008
2002-09-16,-23.51671488060512,2.152830696662133,19.721297739880903,-6.608992010432431
2002-09-17,-25.595270194284062,0.8865777915675817,19.532615457749355,-6.119024054322997
2002-09-18,-26.994829933622512,1.1991954711960835,18.50012625012528,-6.786291551120689
2002-09-19,-26.037633494901122,2.6901901821045744,19.62173599651184,-6.81847200594458
2002-09-20,-26.788139746892817,3.2622790780395374,20.356167997465857,-7.5280532340159745
2002-09-21,-25.301381817519168,2.462453996157929,20.697683244249873,-9.767004023553826
2002-09-22,-25.642999319024874,3.4300708340857415,20.753475264560524,-10.937335527735016
2002-09-23,-23.802365773570934,3.745724960457739,21.782183752331477,-10.931990620289259
2002-09-24,-24.844548119146367,3.5818546217673046,22.31213490592717,-9.49968100279874
2002-09-25,-23.948063504606502,4.046249927823917,22.988259546988445,-9.291220157210352
2002-09-26,-24.784785241778987,2.0966379684224603,22.795529434092053,-10.934324820090369
